Workbook

Sheet Roster
A1: Shenandoah Valley United — Roster
A3: # | B3: Player | C3: Notes
A4: 1 | B4: Evan Arenas
A5: 4 | B5: Josue Borja-Serrato
A6: 5 | B6: Fionn Criscione
A7: 7 | B7: Caleb Eccles
A8: 9 | B8: Matthew Bing
A9: 11 | B9: Jefferson Gonzalez-Nolasco
A10: 13 | B10: Weston Hash
A11: 15 | B11: Zaden Bandy
A12: 17 | B12: Benjamin Kratz
A13: 19 | B13: Vinny Machan
A14: 21 | B14: Jackson Mills
A15: 25 | B15: Landon Shaver
... A20: 35 | B20: Brayan Espinoza Canales

Sheet Games
A1: Game Log
A2: Fill in Game #, Date, Opponent, Home/Away and Competition for each game. SVU Score and Opp Score calculate on their own from that game's rows on the Player Stats tab (goals, and the goalie's Goals Allowed) — don't type into those two columns.
A4: Game # | B4: Date | C4: Opponent | D4: Home/Away | E4: SVU Score | F4: Opp Score | G4: Result | H4: Competition | I4: Time | J4: Location
A5: 1 | B5: 9/5/2026 | C5: Skyline Elite U15 | E5: 0 | F5: 0 | G5: =IF(OR(E5="",F5=""),"",IF(E5>F5,"W",IF(E5<F5,"L","T"))) | H5: Blue Ridge Cup Tournament — rainout, called at 0-0 | I5: 1:00 PM | J5: Ukrop Park - Richmond, VA
A6: 2 | B6: 9/5/2026 | C6: Virginia Valor | E6: =IF($A6="","",IF(COUNTIF('Player Stats'!$A$5:$A$400,$A6)=0,"",SUMIFS('Player Stats'!$F$5:$F$400,'Player Stats'!$A$5:$A$400,$A6))) | F6: =IF($A6="","",IF(COUNTIF('Player Stats'!$A$5:$A$400,$A6)=0,"",SUMIFS('Player Stats'!$K$5:$K$400,'Player Stats'!$A$5:$A$400,$A6))) | G6: =IF(OR(E6="",F6=""),"",IF(E6>F6,"W",IF(E6<F6,"L","T"))) | H6: Blue Ridge Cup Tournament | I6: 5:00 PM | J6: Ukrop Park - Richmond, VA
A7: 3 | B7: 9/6/2026 | C7: SOCA Elite U16 | E7: =IF($A7="","",IF(COUNTIF('Player Stats'!$A$5:$A$400,$A7)=0,"",SUMIFS('Player Stats'!$F$5:$F$400,'Player Stats'!$A$5:$A$400,$A7))) | F7: =IF($A7="","",IF(COUNTIF('Player Stats'!$A$5:$A$400,$A7)=0,"",SUMIFS('Player Stats'!$K$5:$K$400,'Player Stats'!$A$5:$A$400,$A7))) | G7: =IF(OR(E7="",F7=""),"",IF(E7>F7,"W",IF(E7<F7,"L","T"))) | H7: Blue Ridge Cup Tournament | I7: 10:30 AM | J7: Ukrop Park - Richmond, VA
A8: 4 | B8: 9/12/2026 | C8: Augusta United | E8: =IF($A8="","",IF(COUNTIF('Player Stats'!$A$5:$A$400,$A8)=0,"",SUMIFS('Player Stats'!$F$5:$F$400,'Player Stats'!$A$5:$A$400,$A8))) | F8: =IF($A8="","",IF(COUNTIF('Player Stats'!$A$5:$A$400,$A8)=0,"",SUMIFS('Player Stats'!$K$5:$K$400,'Player Stats'!$A$5:$A$400,$A8))) | G8: =IF(OR(E8="",F8=""),"",IF(E8>F8,"W",IF(E8<F8,"L","T"))) | H8: VCSL Regular Season | I8: 1:45 PM | J8: Rockingham Park - Penn Laird, VA
A9: 5 | B9: 9/19/2026 | C9: New River United | E9: =IF($A9="","",IF(COUNTIF('Player Stats'!$A$5:$A$400,$A9)=0,"",SUMIFS('Player Stats'!$F$5:$F$400,'Player Stats'!$A$5:$A$400,$A9))) | F9: =IF($A9="","",IF(COUNTIF('Player Stats'!$A$5:$A$400,$A9)=0,"",SUMIFS('Player Stats'!$K$5:$K$400,'Player Stats'!$A$5:$A$400,$A9))) | G9: =IF(OR(E9="",F9=""),"",IF(E9>F9,"W",IF(E9<F9,"L","T"))) | H9: VCSL Regular Season | I9: 10:30 AM | J9: Rockingham Park - Penn Laird, VA
A10: 6 | B10: 9/20/2026 | C10: Central Virginia United | E10: =IF($A10="","",IF(COUNTIF('Player Stats'!$A$5:$A$400,$A10)=0,"",SUMIFS('Player Stats'!$F$5:$F$400,'Player Stats'!$A$5:$A$400,$A10))) | F10: =IF($A10="","",IF(COUNTIF('Player Stats'!$A$5:$A$400,$A10)=0,"",SUMIFS('Player Stats'!$K$5:$K$400,'Player Stats'!$A$5:$A$400,$A10))) | G10: =IF(OR(E10="",F10=""),"",IF(E10>F10,"W",IF(E10<F10,"L","T"))) | H10: VCSL Regular Season | I10: 1:45 PM | J10: Central Virginia Regional Soccer Complex - Lexington, VA
A11: 7 | B11: 9/26/2026 | C11: SOCA U16 Boys Blue | E11: =IF($A11="","",IF(COUNTIF('Player Stats'!$A$5:$A$400,$A11)=0,"",SUMIFS('Player Stats'!$F$5:$F$400,'Player Stats'!$A$5:$A$400,$A11))) | F11: =IF($A11="","",IF(COUNTIF('Player Stats'!$A$5:$A$400,$A11)=0,"",SUMIFS('Player Stats'!$K$5:$K$400,'Player Stats'!$A$5:$A$400,$A11))) | G11: =IF(OR(E11="",F11=""),"",IF(E11>F11,"W",IF(E11<F11,"L","T"))) | H11: VCSL Regular Season | I11: 3:15 PM | J11: Rockingham Park - Penn Laird, VA
A12: 8 | B12: 10/3/2026 | C12: Virginia United FC | E12: =IF($A12="","",IF(COUNTIF('Player Stats'!$A$5:$A$400,$A12)=0,"",SUMIFS('Player Stats'!$F$5:$F$400,'Player Stats'!$A$5:$A$400,$A12))) | F12: =IF($A12="","",IF(COUNTIF('Player Stats'!$A$5:$A$400,$A12)=0,"",SUMIFS('Player Stats'!$K$5:$K$400,'Player Stats'!$A$5:$A$400,$A12))) | G12: =IF(OR(E12="",F12=""),"",IF(E12>F12,"W",IF(E12<F12,"L","T"))) | H12: VCSL Regular Season | I12: 1:45 PM | J12: Rockingham Park - Penn Laird, VA
A13: 9 | B13: 10/10/2026 | C13: TBD | E13: =IF($A13="","",IF(COUNTIF('Player Stats'!$A$5:$A$400,$A13)=0,"",SUMIFS('Player Stats'!$F$5:$F$400,'Player Stats'!$A$5:$A$400,$A13))) | F13: =IF($A13="","",IF(COUNTIF('Player Stats'!$A$5:$A$400,$A13)=0,"",SUMIFS('Player Stats'!$K$5:$K$400,'Player Stats'!$A$5:$A$400,$A13))) | G13: =IF(OR(E13="",F13=""),"",IF(E13>F13,"W",IF(E13<F13,"L","T"))) | H13: Columbus Day Tournament | I13: 12:00 AM | J13: Virginia Beach
A14: 10 | B14: 10/10/2026 | C14: TBD | E14: =IF($A14="","",IF(COUNTIF('Player Stats'!$A$5:$A$400,$A14)=0,"",SUMIFS('Player Stats'!$F$5:$F$400,'Player Stats'!$A$5:$A$400,$A14))) | F14: =IF($A14="","",IF(COUNTIF('Player Stats'!$A$5:$A$400,$A14)=0,"",SUMIFS('Player Stats'!$K$5:$K$400,'Player Stats'!$A$5:$A$400,$A14))) | G14: =IF(OR(E14="",F14=""),"",IF(E14>F14,"W",IF(E14<F14,"L","T"))) | H14: Columbus Day Tournament | I14: 12:00 AM | J14: Virginia Beach
A15: 11 | B15: 10/11/2026 | C15: TBD | E15: =IF($A15="","",IF(COUNTIF('Player Stats'!$A$5:$A$400,$A15)=0,"",SUMIFS('Player Stats'!$F$5:$F$400,'Player Stats'!$A$5:$A$400,$A15))) | F15: =IF($A15="","",IF(COUNTIF('Player Stats'!$A$5:$A$400,$A15)=0,"",SUMIFS('Player Stats'!$K$5:$K$400,'Player Stats'!$A$5:$A$400,$A15))) | G15: =IF(OR(E15="",F15=""),"",IF(E15>F15,"W",IF(E15<F15,"L","T"))) | H15: Columbus Day Tournament | I15: 12:00 AM | J15: Virginia Beach
A16: 12 | B16: 10/17/2026 | C16: SOCA U16 Boys Blue | E16: =IF($A16="","",IF(COUNTIF('Player Stats'!$A$5:$A$400,$A16)=0,"",SUMIFS('Player Stats'!$F$5:$F$400,'Player Stats'!$A$5:$A$400,$A16))) | F16: =IF($A16="","",IF(COUNTIF('Player Stats'!$A$5:$A$400,$A16)=0,"",SUMIFS('Player Stats'!$K$5:$K$400,'Player Stats'!$A$5:$A$400,$A16))) | G16: =IF(OR(E16="",F16=""),"",IF(E16>F16,"W",IF(E16<F16,"L","T"))) | H16: VCSL Regular Season | I16: 12:00 PM | J16: South Fork Soccer Park - Charlottesville, VA
A17: 13 | B17: 10/24/2026 | C17: Augusta United | E17: =IF($A17="","",IF(COUNTIF('Player Stats'!$A$5:$A$400,$A17)=0,"",SUMIFS('Player Stats'!$F$5:$F$400,'Player Stats'!$A$5:$A$400,$A17))) | F17: =IF($A17="","",IF(COUNTIF('Player Stats'!$A$5:$A$400,$A17)=0,"",SUMIFS('Player Stats'!$K$5:$K$400,'Player Stats'!$A$5:$A$400,$A17))) | G17: =IF(OR(E17="",F17=""),"",IF(E17>F17,"W",IF(E17<F17,"L","T"))) | H17: VCSL Regular Season | I17: 10:00 AM | J17: Ridgeview Park - Waynesboro, VA
A18: 14 | B18: 10/31/2026 | C18: New River United | E18: =IF($A18="","",IF(COUNTIF('Player Stats'!$A$5:$A$400,$A18)=0,"",SUMIFS('Player Stats'!$F$5:$F$400,'Player Stats'!$A$5:$A$400,$A18))) | F18: =IF($A18="","",IF(COUNTIF('Player Stats'!$A$5:$A$400,$A18)=0,"",SUMIFS('Player Stats'!$K$5:$K$400,'Player Stats'!$A$5:$A$400,$A18))) | G18: =IF(OR(E18="",F18=""),"",IF(E18>F18,"W",IF(E18<F18,"L","T"))) | H18: VCSL Regular Season | I18: 2:45 PM | J18: VT Rec Turf - Blacksburg, VA
E19: =IF($A19="","",IF(COUNTIF('Player Stats'!$A$5:$A$400,$A19)=0,"",SUMIFS('Player Stats'!$F$5:$F$400,'Player Stats'!$A$5:$A$400,$A19))) | F19: =IF($A19="","",IF(COUNTIF('Player Stats'!$A$5:$A$400,$A19)=0,"",SUMIFS('Player Stats'!$K$5:$K$400,'Player Stats'!$A$5:$A$400,$A19))) | G19: =IF(OR(E19="",F19=""),"",IF(E19>F19,"W",IF(E19<F19,"L","T")))
E20: =IF($A20="","",IF(COUNTIF('Player Stats'!$A$5:$A$400,$A20)=0,"",SUMIFS('Player Stats'!$F$5:$F$400,'Player Stats'!$A$5:$A$400,$A20))) | F20: =IF($A20="","",IF(COUNTIF('Player Stats'!$A$5:$A$400,$A20)=0,"",SUMIFS('Player Stats'!$K$5:$K$400,'Player Stats'!$A$5:$A$400,$A20))) | G20: =IF(OR(E20="",F20=""),"",IF(E20>F20,"W",IF(E20<F20,"L","T")))
E21: =IF($A21="","",IF(COUNTIF('Player Stats'!$A$5:$A$400,$A21)=0,"",SUMIFS('Player Stats'!$F$5:$F$400,'Player Stats'!$A$5:$A$400,$A21))) | F21: =IF($A21="","",IF(COUNTIF('Player Stats'!$A$5:$A$400,$A21)=0,"",SUMIFS('Player Stats'!$K$5:$K$400,'Player Stats'!$A$5:$A$400,$A21))) | G21: =IF(OR(E21="",F21=""),"",IF(E21>F21,"W",IF(E21<F21,"L","T")))
E22: =IF($A22="","",IF(COUNTIF('Player Stats'!$A$5:$A$400,$A22)=0,"",SUMIFS('Player Stats'!$F$5:$F$400,'Player Stats'!$A$5:$A$400,$A22))) | F22: =IF($A22="","",IF(COUNTIF('Player Stats'!$A$5:$A$400,$A22)=0,"",SUMIFS('Player Stats'!$K$5:$K$400,'Player Stats'!$A$5:$A$400,$A22))) | G22: =IF(OR(E22="",F22=""),"",IF(E22>F22,"W",IF(E22<F22,"L","T")))
E23: =IF($A23="","",IF(COUNTIF('Player Stats'!$A$5:$A$400,$A23)=0,"",SUMIFS('Player Stats'!$F$5:$F$400,'Player Stats'!$A$5:$A$400,$A23))) | F23: =IF($A23="","",IF(COUNTIF('Player Stats'!$A$5:$A$400,$A23)=0,"",SUMIFS('Player Stats'!$K$5:$K$400,'Player Stats'!$A$5:$A$400,$A23))) | G23: =IF(OR(E23="",F23=""),"",IF(E23>F23,"W",IF(E23<F23,"L","T")))
E24: =IF($A24="","",IF(COUNTIF('Player Stats'!$A$5:$A$400,$A24)=0,"",SUMIFS('Player Stats'!$F$5:$F$400,'Player Stats'!$A$5:$A$400,$A24))) | F24: =IF($A24="","",IF(COUNTIF('Player Stats'!$A$5:$A$400,$A24)=0,"",SUMIFS('Player Stats'!$K$5:$K$400,'Player Stats'!$A$5:$A$400,$A24))) | G24: =IF(OR(E24="",F24=""),"",IF(E24>F24,"W",IF(E24<F24,"L","T")))
E25: =IF($A25="","",IF(COUNTIF('Player Stats'!$A$5:$A$400,$A25)=0,"",SUMIFS('Player Stats'!$F$5:$F$400,'Player Stats'!$A$5:$A$400,$A25))) | F25: =IF($A25="","",IF(COUNTIF('Player Stats'!$A$5:$A$400,$A25)=0,"",SUMIFS('Player Stats'!$K$5:$K$400,'Player Stats'!$A$5:$A$400,$A25))) | G25: =IF(OR(E25="",F25=""),"",IF(E25>F25,"W",IF(E25<F25,"L","T")))

Sheet Player Stats
A1: Player Stats Log
A2: Add one row per player after each game. Use the dropdowns for Player and Attended. For whoever played goalie, also fill in Saves and Goals Allowed — that's what drives the Opp Score on the Games tab. Season Totals updates on its own.
A4: Game # | B4: Date | C4: Opponent | D4: Player | E4: Attended (Y/N) | F4: Goals | G4: Assists | H4: Yellow Cards | I4: Red Cards | J4: Saves | K4: Goals Allowed
A5: 2 | B5: 9/5/2026 | C5: Virginia Valor | D5: Evan Mercer | E5: Y | F5: 2 | G5: 0 | H5: 0 | I5: 0
A6: 2 | B6: 9/5/2026 | C6: Virginia Valor | D6: Yousaf Hussain Khil | E6: Y | F6: 0 | G6: 1 | H6: 0 | I6: 0
A7: 2 | B7: 9/5/2026 | C7: Virginia Valor | D7: Benjamin Kratz | E7: Y | F7: 0 | G7: 1 | H7: 0 | I7: 0
A8: 2 | B8: 9/5/2026 | C8: Virginia Valor | D8: Caleb Eccles | E8: Y | F8: 0 | G8: 0 | H8: 0 | I8: 0 | K8: 1
A9: 3 | B9: 9/6/2026 | C9: SOCA Elite U16 | D9: Evan Mercer | E9: Y | F9: 1 | G9: 1 | H9: 0 | I9: 0
A10: 3 | B10: 9/6/2026 | C10: SOCA Elite U16 | D10: Evan Arenas | E10: Y | F10: 0 | G10: 1 | H10: 0 | I10: 0
A11: 3 | B11: 9/6/2026 | C11: SOCA Elite U16 | D11: Benjamin Kratz | E11: Y | F11: 1 | G11: 0 | H11: 0 | I11: 0
A12: 3 | B12: 9/6/2026 | C12: SOCA Elite U16 | D12: Jackson Mills | E12: Y | F12: 0 | G12: 0 | H12: 0 | I12: 0 | K12: 1
A13: 3 | B13: 9/6/2026 | C13: SOCA Elite U16 | D13: Caleb Eccles | E13: Y | F13: 0 | G13: 0 | H13: 0 | I13: 0 | K13: 2
A14: 4 | B14: 9/12/2026 | C14: Augusta United | D14: Evan Mercer | E14: Y | F14: 2 | G14: 1 | H14: 0 | I14: 0
A15: 4 | B15: 9/12/2026 | C15: Augusta United | D15: Benjamin Kratz | E15: Y | F15: 3 | G15: 0 | H15: 0 | I15: 0
A16: 4 | B16: 9/12/2026 | C16: Augusta United | D16: Yousaf Hussain Khil | E16: Y | F16: 1 | G16: 1 | H16: 0 | I16: 0
A17: 4 | B17: 9/12/2026 | C17: Augusta United | D17: Joseph Benitez Maldonado | E17: Y | F17: 1 | G17: 2 | H17: 0 | I17: 0
A18: 4 | B18: 9/12/2026 | C18: Augusta United | D18: Zaden Bandy | E18: Y | F18: 0 | G18: 2 | H18: 0 | I18: 0
A19: 4 | B19: 9/12/2026 | C19: Augusta United | D19: Weston Hash | E19: Y | F19: 1 | G19: 0 | H19: 0 | I19: 0
A20: 4 | B20: 9/12/2026 | C20: Augusta United | D20: Landon Shaver | E20: Y | F20: 0 | G20: 1 | H20: 0 | I20: 0
A21: 4 | B21: 9/12/2026 | C21: Augusta United | D21: Matthew Bing | E21: Y | F21: 0 | G21: 1 | H21: 0 | I21: 0
A22: 2 | B22: 9/5/2026 | C22: Virginia Valor | D22: Evan Arenas | E22: Y | F22: 0 | G22: 0 | H22: 0 | I22: 0
A23: 2 | B23: 9/5/2026 | C23: Virginia Valor | D23: Matthew Bing | E23: Y | F23: 0 | G23: 0 | H23: 0 | I23: 0
A24: 2 | B24: 9/5/2026 | C24: Virginia Valor | D24: Josue Borja-Serrato | E24: Y | F24: 0 | G24: 0 | H24: 0 | I24: 0
A25: 2 | B25: 9/5/2026 | C25: Virginia Valor | D25: Fionn Criscione | E25: Y | F25: 0 | G25: 0 | H25: 0 | I25: 0
... A57: 7 | B57: 9/26/2026 | C57: SOCA U16 Boys Blue | D57: Fionn Criscione | E57: Y | F57: 0 | G57: 1 | H57: 0 | I57: 0
A58: 7 | B58: 9/26/2026 | C58: SOCA U16 Boys Blue | D58: Caleb Eccles | E58: Y | F58: 0 | G58: 0 | H58: 0 | I58: 0 | K58: 0
A59: 7 | B59: 9/26/2026 | C59: SOCA U16 Boys Blue | D59: Jackson Mills | E59: Y | F59: 0 | G59: 0 | H59: 0 | I59: 0 | K59: 1

Sheet Season Totals
A1: Season Totals
A2: Calculated automatically from the Player Stats and Games tabs — nothing to type here.
A4: # | B4: Player | C4: Games Played | D4: Attendance % | E4: Goals | F4: Assists | G4: Yellow Cards | H4: Red Cards | I4: Saves | J4: Goals Allowed
A5: =Roster!A4 | B5: =Roster!B4 | C5: =COUNTIFS('Player Stats'!$D$5:$D$400,B5,'Player Stats'!$E$5:$E$400,"Y") | D5: =IFERROR(C5/COUNT(Games!$A$5:$A$25),0) | E5: =SUMIFS('Player Stats'!$F$5:$F$400,'Player Stats'!$D$5:$D$400,B5) | F5: =SUMIFS('Player Stats'!$G$5:$G$400,'Player Stats'!$D$5:$D$400,B5) | G5: =SUMIFS('Player Stats'!$H$5:$H$400,'Player Stats'!$D$5:$D$400,B5) | H5: =SUMIFS('Player Stats'!$I$5:$I$400,'Player Stats'!$D$5:$D$400,B5) | I5: =SUMIFS('Player Stats'!$J$5:$J$400,'Player Stats'!$D$5:$D$400,B5) | J5: =SUMIFS('Player Stats'!$K$5:$K$400,'Player Stats'!$D$5:$D$400,B5)
A6: =Roster!A5 | B6: =Roster!B5 | C6: =COUNTIFS('Player Stats'!$D$5:$D$400,B6,'Player Stats'!$E$5:$E$400,"Y") | D6: =IFERROR(C6/COUNT(Games!$A$5:$A$25),0) | E6: =SUMIFS('Player Stats'!$F$5:$F$400,'Player Stats'!$D$5:$D$400,B6) | F6: =SUMIFS('Player Stats'!$G$5:$G$400,'Player Stats'!$D$5:$D$400,B6) | G6: =SUMIFS('Player Stats'!$H$5:$H$400,'Player Stats'!$D$5:$D$400,B6) | H6: =SUMIFS('Player Stats'!$I$5:$I$400,'Player Stats'!$D$5:$D$400,B6) | I6: =SUMIFS('Player Stats'!$J$5:$J$400,'Player Stats'!$D$5:$D$400,B6) | J6: =SUMIFS('Player Stats'!$K$5:$K$400,'Player Stats'!$D$5:$D$400,B6)
A7: =Roster!A6 | B7: =Roster!B6 | C7: =COUNTIFS('Player Stats'!$D$5:$D$400,B7,'Player Stats'!$E$5:$E$400,"Y") | D7: =IFERROR(C7/COUNT(Games!$A$5:$A$25),0) | E7: =SUMIFS('Player Stats'!$F$5:$F$400,'Player Stats'!$D$5:$D$400,B7) | F7: =SUMIFS('Player Stats'!$G$5:$G$400,'Player Stats'!$D$5:$D$400,B7) | G7: =SUMIFS('Player Stats'!$H$5:$H$400,'Player Stats'!$D$5:$D$400,B7) | H7: =SUMIFS('Player Stats'!$I$5:$I$400,'Player Stats'!$D$5:$D$400,B7) | I7: =SUMIFS('Player Stats'!$J$5:$J$400,'Player Stats'!$D$5:$D$400,B7) | J7: =SUMIFS('Player Stats'!$K$5:$K$400,'Player Stats'!$D$5:$D$400,B7)
A8: =Roster!A7 | B8: =Roster!B7 | C8: =COUNTIFS('Player Stats'!$D$5:$D$400,B8,'Player Stats'!$E$5:$E$400,"Y") | D8: =IFERROR(C8/COUNT(Games!$A$5:$A$25),0) | E8: =SUMIFS('Player Stats'!$F$5:$F$400,'Player Stats'!$D$5:$D$400,B8) | F8: =SUMIFS('Player Stats'!$G$5:$G$400,'Player Stats'!$D$5:$D$400,B8) | G8: =SUMIFS('Player Stats'!$H$5:$H$400,'Player Stats'!$D$5:$D$400,B8) | H8: =SUMIFS('Player Stats'!$I$5:$I$400,'Player Stats'!$D$5:$D$400,B8) | I8: =SUMIFS('Player Stats'!$J$5:$J$400,'Player Stats'!$D$5:$D$400,B8) | J8: =SUMIFS('Player Stats'!$K$5:$K$400,'Player Stats'!$D$5:$D$400,B8)
A9: =Roster!A8 | B9: =Roster!B8 | C9: =COUNTIFS('Player Stats'!$D$5:$D$400,B9,'Player Stats'!$E$5:$E$400,"Y") | D9: =IFERROR(C9/COUNT(Games!$A$5:$A$25),0) | E9: =SUMIFS('Player Stats'!$F$5:$F$400,'Player Stats'!$D$5:$D$400,B9) | F9: =SUMIFS('Player Stats'!$G$5:$G$400,'Player Stats'!$D$5:$D$400,B9) | G9: =SUMIFS('Player Stats'!$H$5:$H$400,'Player Stats'!$D$5:$D$400,B9) | H9: =SUMIFS('Player Stats'!$I$5:$I$400,'Player Stats'!$D$5:$D$400,B9) | I9: =SUMIFS('Player Stats'!$J$5:$J$400,'Player Stats'!$D$5:$D$400,B9) | J9: =SUMIFS('Player Stats'!$K$5:$K$400,'Player Stats'!$D$5:$D$400,B9)
A10: =Roster!A9 | B10: =Roster!B9 | C10: =COUNTIFS('Player Stats'!$D$5:$D$400,B10,'Player Stats'!$E$5:$E$400,"Y") | D10: =IFERROR(C10/COUNT(Games!$A$5:$A$25),0) | E10: =SUMIFS('Player Stats'!$F$5:$F$400,'Player Stats'!$D$5:$D$400,B10) | F10: =SUMIFS('Player Stats'!$G$5:$G$400,'Player Stats'!$D$5:$D$400,B10) | G10: =SUMIFS('Player Stats'!$H$5:$H$400,'Player Stats'!$D$5:$D$400,B10) | H10: =SUMIFS('Player Stats'!$I$5:$I$400,'Player Stats'!$D$5:$D$400,B10) | I10: =SUMIFS('Player Stats'!$J$5:$J$400,'Player Stats'!$D$5:$D$400,B10) | J10: =SUMIFS('Player Stats'!$K$5:$K$400,'Player Stats'!$D$5:$D$400,B10)
A11: =Roster!A10 | B11: =Roster!B10 | C11: =COUNTIFS('Player Stats'!$D$5:$D$400,B11,'Player Stats'!$E$5:$E$400,"Y") | D11: =IFERROR(C11/COUNT(Games!$A$5:$A$25),0) | E11: =SUMIFS('Player Stats'!$F$5:$F$400,'Player Stats'!$D$5:$D$400,B11) | F11: =SUMIFS('Player Stats'!$G$5:$G$400,'Player Stats'!$D$5:$D$400,B11) | G11: =SUMIFS('Player Stats'!$H$5:$H$400,'Player Stats'!$D$5:$D$400,B11) | H11: =SUMIFS('Player Stats'!$I$5:$I$400,'Player Stats'!$D$5:$D$400,B11) | I11: =SUMIFS('Player Stats'!$J$5:$J$400,'Player Stats'!$D$5:$D$400,B11) | J11: =SUMIFS('Player Stats'!$K$5:$K$400,'Player Stats'!$D$5:$D$400,B11)
A12: =Roster!A11 | B12: =Roster!B11 | C12: =COUNTIFS('Player Stats'!$D$5:$D$400,B12,'Player Stats'!$E$5:$E$400,"Y") | D12: =IFERROR(C12/COUNT(Games!$A$5:$A$25),0) | E12: =SUMIFS('Player Stats'!$F$5:$F$400,'Player Stats'!$D$5:$D$400,B12) | F12: =SUMIFS('Player Stats'!$G$5:$G$400,'Player Stats'!$D$5:$D$400,B12) | G12: =SUMIFS('Player Stats'!$H$5:$H$400,'Player Stats'!$D$5:$D$400,B12) | H12: =SUMIFS('Player Stats'!$I$5:$I$400,'Player Stats'!$D$5:$D$400,B12) | I12: =SUMIFS('Player Stats'!$J$5:$J$400,'Player Stats'!$D$5:$D$400,B12) | J12: =SUMIFS('Player Stats'!$K$5:$K$400,'Player Stats'!$D$5:$D$400,B12)
A13: =Roster!A12 | B13: =Roster!B12 | C13: =COUNTIFS('Player Stats'!$D$5:$D$400,B13,'Player Stats'!$E$5:$E$400,"Y") | D13: =IFERROR(C13/COUNT(Games!$A$5:$A$25),0) | E13: =SUMIFS('Player Stats'!$F$5:$F$400,'Player Stats'!$D$5:$D$400,B13) | F13: =SUMIFS('Player Stats'!$G$5:$G$400,'Player Stats'!$D$5:$D$400,B13) | G13: =SUMIFS('Player Stats'!$H$5:$H$400,'Player Stats'!$D$5:$D$400,B13) | H13: =SUMIFS('Player Stats'!$I$5:$I$400,'Player Stats'!$D$5:$D$400,B13) | I13: =SUMIFS('Player Stats'!$J$5:$J$400,'Player Stats'!$D$5:$D$400,B13) | J13: =SUMIFS('Player Stats'!$K$5:$K$400,'Player Stats'!$D$5:$D$400,B13)
A14: =Roster!A13 | B14: =Roster!B13 | C14: =COUNTIFS('Player Stats'!$D$5:$D$400,B14,'Player Stats'!$E$5:$E$400,"Y") | D14: =IFERROR(C14/COUNT(Games!$A$5:$A$25),0) | E14: =SUMIFS('Player Stats'!$F$5:$F$400,'Player Stats'!$D$5:$D$400,B14) | F14: =SUMIFS('Player Stats'!$G$5:$G$400,'Player Stats'!$D$5:$D$400,B14) | G14: =SUMIFS('Player Stats'!$H$5:$H$400,'Player Stats'!$D$5:$D$400,B14) | H14: =SUMIFS('Player Stats'!$I$5:$I$400,'Player Stats'!$D$5:$D$400,B14) | I14: =SUMIFS('Player Stats'!$J$5:$J$400,'Player Stats'!$D$5:$D$400,B14) | J14: =SUMIFS('Player Stats'!$K$5:$K$400,'Player Stats'!$D$5:$D$400,B14)
A15: =Roster!A14 | B15: =Roster!B14 | C15: =COUNTIFS('Player Stats'!$D$5:$D$400,B15,'Player Stats'!$E$5:$E$400,"Y") | D15: =IFERROR(C15/COUNT(Games!$A$5:$A$25),0) | E15: =SUMIFS('Player Stats'!$F$5:$F$400,'Player Stats'!$D$5:$D$400,B15) | F15: =SUMIFS('Player Stats'!$G$5:$G$400,'Player Stats'!$D$5:$D$400,B15) | G15: =SUMIFS('Player Stats'!$H$5:$H$400,'Player Stats'!$D$5:$D$400,B15) | H15: =SUMIFS('Player Stats'!$I$5:$I$400,'Player Stats'!$D$5:$D$400,B15) | I15: =SUMIFS('Player Stats'!$J$5:$J$400,'Player Stats'!$D$5:$D$400,B15) | J15: =SUMIFS('Player Stats'!$K$5:$K$400,'Player Stats'!$D$5:$D$400,B15)
A16: =Roster!A15 | B16: =Roster!B15 | C16: =COUNTIFS('Player Stats'!$D$5:$D$400,B16,'Player Stats'!$E$5:$E$400,"Y") | D16: =IFERROR(C16/COUNT(Games!$A$5:$A$25),0) | E16: =SUMIFS('Player Stats'!$F$5:$F$400,'Player Stats'!$D$5:$D$400,B16) | F16: =SUMIFS('Player Stats'!$G$5:$G$400,'Player Stats'!$D$5:$D$400,B16) | G16: =SUMIFS('Player Stats'!$H$5:$H$400,'Player Stats'!$D$5:$D$400,B16) | H16: =SUMIFS('Player Stats'!$I$5:$I$400,'Player Stats'!$D$5:$D$400,B16) | I16: =SUMIFS('Player Stats'!$J$5:$J$400,'Player Stats'!$D$5:$D$400,B16) | J16: =SUMIFS('Player Stats'!$K$5:$K$400,'Player Stats'!$D$5:$D$400,B16)
... A21: =Roster!A20 | B21: =Roster!B20 | C21: =COUNTIFS('Player Stats'!$D$5:$D$400,B21,'Player Stats'!$E$5:$E$400,"Y") | D21: =IFERROR(C21/COUNT(Games!$A$5:$A$25),0) | E21: =SUMIFS('Player Stats'!$F$5:$F$400,'Player Stats'!$D$5:$D$400,B21) | F21: =SUMIFS('Player Stats'!$G$5:$G$400,'Player Stats'!$D$5:$D$400,B21) | G21: =SUMIFS('Player Stats'!$H$5:$H$400,'Player Stats'!$D$5:$D$400,B21) | H21: =SUMIFS('Player Stats'!$I$5:$I$400,'Player Stats'!$D$5:$D$400,B21) | I21: =SUMIFS('Player Stats'!$J$5:$J$400,'Player Stats'!$D$5:$D$400,B21) | J21: =SUMIFS('Player Stats'!$K$5:$K$400,'Player Stats'!$D$5:$D$400,B21)
B22: Team Total | C22: =SUM(C5:C21) | E22: =SUM(E5:E21) | F22: =SUM(F5:F21) | G22: =SUM(G5:G21) | H22: =SUM(H5:H21) | I22: =SUM(I5:I21) | J22: =SUM(J5:J21)
